id	title	description	link	image_link	brand	condition	availability	price	short_description
337	Aviator Sunglasses	Gunmetal frame with crystal gradient polycarbonate lenses in grey. 	http://104.236.187.180/magento/aviator-sunglasses.html	http://104.236.187.180/magento/media/catalog/product/a/c/ace000a_1.jpg	original	new	in stock	295,00 USD	A timeless accessory staple, the unmistakable teardrop lenses of our Aviator sunglasses appeal to everyone from suits to rock stars to citizens of the world.
338	Jackie O Round Sunglasses	Acetate frame. Polycarbonate lenses.	http://104.236.187.180/magento/jackie-o-round-sunglasses.html	http://104.236.187.180/magento/media/catalog/product/a/c/ace001_1.jpg	original	new	in stock	225,00 USD	These distinct, feminine frames balance a classic Jackie-O styling with a modern look. 
339	Retro Chic Eyeglasses	Acetate frame. Polycarbonate lenses.	http://104.236.187.180/magento/retro-chic-eyeglasses.html	http://104.236.187.180/magento/media/catalog/product/a/c/ace002a_1.jpg	original	new	in stock	295,00 USD	Madison Island Retro chic lenses are stylish on both men and women.
370	Isla Crossbody Handbag	Pebbled leather. Contrast stitching. Fold over flap with Fasten closure. Crossbody strap. 6" x 8" x 0.75".	http://104.236.187.180/magento/isla-crossbody-handbag.html	http://104.236.187.180/magento/media/catalog/product/a/b/abl000_4.jpg	original	new	in stock	290,00 USD	Form follows function with this decidedly chic mini bag. 
371	Florentine Satchel Handbag	Leather. Silver hardware. Inside open pocket. Fasten closure, fabric lining. Handles with 7" drop. 14" x 3.5" x 9". Imported.	http://104.236.187.180/magento/florentine-satchel-handbag.html	http://104.236.187.180/magento/media/catalog/product/a/b/abl001_1.jpg	original	new	out of stock	625,00 USD	Carry it all with the spacious and stylishFlorentine Satchel.
372	Flatiron Tablet Sleeve	Pebble textured leather tabled case. Top zip closure. Exterior zipper pocket. Fully lined with back wall slip pocket. 8.75" x 11" x .5". Imported.	http://104.236.187.180/magento/leather-tablet-sleeve.html	http://104.236.187.180/magento/media/catalog/product/a/b/abl002b_1.jpg	original	new	in stock	150,00 USD	Protect your tablet with our minimal tablet sleeve.
373	Broad St. Flapover Briefcase	Leather, with flap closure. Padded carrying handles. Main compartment has padded laptop pocket, file section and organizer panel. Quick access back pocket. Padded adjustable shoulder strap. 16" x 12" x 3.5". Domestic.	http://104.236.187.180/magento/flapover-briefcase.html	http://104.236.187.180/magento/media/catalog/product/a/b/abl003b_1.jpg	original	new	in stock	570,00 USD	Make an impression at overseas business meetings.
374	Houston Travel Wallet	Leather. 4" x 6.5" x 0.5"	http://104.236.187.180/magento/rolls-travel-wallet.html	http://104.236.187.180/magento/media/catalog/product/a/b/abl004a_1.jpg	original	new	in stock	210,00 USD	Just the right size for your passport, tickets and other essentials, this leather wallet is the perfect travel carry all.
375	Roller Suitcase	Zip closure. Water resistant hard polycarbonate shell. All direction spinner wheels. Retractable plastic handle. Cross strap interior. 29" x 20" x 13".	http://104.236.187.180/magento/roller-suitcase.html	http://104.236.187.180/magento/media/catalog/product/a/b/abl005a_1.jpg	original	new	in stock	650,00 USD	No more baggage claim mixups! Our Roller in bold cobalt blue is sure to standout in a sea of suitcases.
378	Body Wash with Lemon Flower Extract and Aloe Vera	Lemon flower and Aloe Vera extract. Super moisturizing. 	http://104.236.187.180/magento/body-wash-with-lemon-flower-extract-and-aloe-vera.html	http://104.236.187.180/magento/media/catalog/product/h/d/hdb000_1.jpg	original	new	in stock	28,00 USD	A rich lather, infused with lemon flower awakens the senses.
379	Bath Minerals and Salt	100% pure Dead Sea salts. Fragrance.	http://104.236.187.180/magento/bath-minerals-and-salt.html	http://104.236.187.180/magento/media/catalog/product/h/d/hdb001_2.jpg	original	new	out of stock	25,00 USD	Just what your body needs after a long day on the road. Soak, relax and reenergize with 100% natural Dead Sea salt crystals and minerals.
380	Shea Enfused Hydrating Body Lotion	Milk and shea extracts. Long lasting moisturizer. 100% natural and gentle enough for sensitive skin. Fast absorbing. Non greasy. 250mL/8.4oz. Domestic.	http://104.236.187.180/magento/shea-enfused-hydrating-body-lotion.html	http://104.236.187.180/magento/media/catalog/product/h/d/hdb002_1.jpg	original	new	in stock	28,00 USD	Experience the perfect escape with this irresistable blend of milk extract and shea.
381	Titian Raw Silk Pillow	20" x 20". Raw Silk. Hidden zipper closure. Interior pillow included. 100% polyester fill. Dry clean. Imported.	http://104.236.187.180/magento/titian-raw-silk-pillow.html	http://104.236.187.180/magento/media/catalog/product/h/d/hdb005_1.jpg	original	new	in stock	125,00 USD	An exquisite home accent, our bazaar inspired raw silk square pillow is a statement in luxury. Interior pillow included.
382	Shay Printed Pillow	20" x 20". Printed polyester. Hidden zipper closure. Interior pillow included. 100% polyester fill. Spot clean. Imported.	http://104.236.187.180/magento/shay-printed-pillow.html	http://104.236.187.180/magento/media/catalog/product/h/d/hdb006_1.jpg	original	new	in stock	210,00 USD	A distinctive printed pillow that fills any room with classic appeal.
383	Carnegie Alpaca Throw	Woven alpaca wool. 4" fringe detail. Dry clean. Imported.	http://104.236.187.180/magento/carnegie-alpaca-throw.html	http://104.236.187.180/magento/media/catalog/product/h/d/hdb007_1.jpg	original	new	in stock	275,00 USD	A luxuriously soft throw made of long-fiber lambs wool woven into a Chevron twill.
384	Park Row Throw	Woven acrylic/wool/cotton. 50" x 75". Spot clean.	http://104.236.187.180/magento/park-row-throw.html	http://104.236.187.180/magento/media/catalog/product/h/d/hdb008_1.jpg	original	new	in stock	120,00 USD	A rustic wool blend leaves our Park Row Throw feeling lofty and warm. Packs perfectly into carry-ons.
385	Gramercy Throw	Woven cotton. 60" x 72". Machine wash.	http://104.236.187.180/magento/gramercy-throw.html	http://104.236.187.180/magento/media/catalog/product/h/d/hdb009_1.jpg	original	new	in stock	275,00 USD	Wrap yourself in this incredibly soft and luxurious blanket for all climate comfort. 
386	Herald Glass Vase	Blown glass. 10" diameter. 17" high. Imported.	http://104.236.187.180/magento/herald-glass-vase.html	http://104.236.187.180/magento/media/catalog/product/h/d/hdd000_1.jpg	original	new	in stock	110,00 USD	The uniquely shaped Herand Glass Vase packs easily and adds instant impact.
389	Stone Salt and Pepper Shakers	Glazed stoneware. 2" diam. 5.5" x 5.5" coaster. Set of 2. Domestic.	http://104.236.187.180/magento/stone-salt-and-pepper-shakers.html	http://104.236.187.180/magento/media/catalog/product/h/d/hdd004_1.jpg	original	new	in stock	65,00 USD	A subtle nod to Old World antiquity.
390	Fragrance Diffuser Reeds	8" diffuser reeds. 2oz fragrance oil. Decorative wood container.	http://104.236.187.180/magento/fragrance-diffuser-reeds.html	http://104.236.187.180/magento/media/catalog/product/h/d/hdd005_1.jpg	original	new	in stock	75,00 USD	A clean and effective delivery of continuous flameless fragrance to enhance your home.
391	Geometric Candle Holders	Painted glass. Geometric pattern. Set of 3. Domestic.	http://104.236.187.180/magento/geometric-candle-holders.html	http://104.236.187.180/magento/media/catalog/product/h/d/hdd006_1.jpg	original	new	in stock	90,00 USD	A simple and stylish way to add warmth and dimension to any room. Perfect for gifting.
392	Madison LX2200	10x Optical Zoom with 24mm Wide-angle and close up.10.7-megapixel backside illuminated CMOS sensor for low light shooting.  3" Multi-angle LCD. SD/SDXC slot. Full HD Video. High speed continuous shooting (up to 5 shots in approx one second) Built in GPS. Easy Panorama. Rechargable Li-ion battery. File formats: Still-JPEG, Audio- WAV, Movies-MOV. Image size: up to 4600x3400. Built in flash. 3.5" x 5" x 4". 20oz.	http://104.236.187.180/magento/madison-lx2200.html	http://104.236.187.180/magento/media/catalog/product/h/d/hde001t_2.jpg	original	new	in stock	425,00 USD	The compact travel friendly solution for sightseers.
393	Madison RX3400	18-55mm zoom lens. 3.0" LCD display with image editing features.  Built in flash with flash modes and pop up. SD/SDXC slot. Full 1080p HD video. Rechargable Lithium-Ion battery. File formats: NEF (RAW), JPEG, MOV. 5" x 3" x 4", 15oz.	http://104.236.187.180/magento/madison-rx3400.html	http://104.236.187.180/magento/media/catalog/product/h/d/hde003a_2.jpg	original	new	in stock	715,00 USD	For budding photo connoisseurs.
394	16GB Memory Card	16GB SD memory card. Shock, water, and xray resistant.	http://104.236.187.180/magento/16gb-memory-card.html	http://104.236.187.180/magento/media/catalog/product/h/d/hde004__1.jpg	original	new	in stock	30,00 USD	Keeping all your travel memories compact. 16GB.
395	8GB Memory Card	8GB SD memory card. Shock, water, and xray resistant.	http://104.236.187.180/magento/8gb-memory-card.html	http://104.236.187.180/magento/media/catalog/product/h/d/hde005_.jpg	original	new	in stock	20,00 USD	Keeping all your travel memories compact. 8GB.
396	Large Camera Bag	Flap closure. Microfiber. 8.5" x 5" x 6". Domestic.	http://104.236.187.180/magento/large-camera-bag.html	http://104.236.187.180/magento/media/catalog/product/h/d/hde006t.jpg	original	new	in stock	120,00 USD	Keep your camera safe and secure in our Large Camera case.
397	Madison Earbuds	Balanced audio. Enhanced bass.  Includes cable clip, diaphragm guard, cleaning tool, travel pouch and airline adapter.	http://104.236.187.180/magento/madison-earbuds.html	http://104.236.187.180/magento/media/catalog/product/h/d/hde010_1.jpg	original	new	in stock	35,00 USD	Why not play the Amelie Soundtrack while parading through Parisian rues? Madison earbuds deliver crisp clear sound with minimal distortion.
398	Madison Overear Headphones	Steel and aluminum. Soft leather pivoting earcups and adjustable headband.  Enhanced bass. Aggressive noise cancellation.	http://104.236.187.180/magento/madison-overear-headphones.html	http://104.236.187.180/magento/media/catalog/product/h/d/hde011_1.jpg	original	new	in stock	125,00 USD	Escape the sleepless city buzz with robust sound and aggressive noise cancellation.
399	Madison 8GB Digital Media Player	2.5-inch LCD screen for crisp, colorful video. Compatible with multiple audio formats. Available in 8GB. Earbuds not included.	http://104.236.187.180/magento/madison-8gb-digital-media-player.html	http://104.236.187.180/magento/media/catalog/product/h/d/hde012_3.jpg	original	new	in stock	150,00 USD	Expidite a long flight by getting into the groove with our plug and play mp3 player. Download movies, pictures or up to 3000 songs with the included USB cable.
400	Compact mp3 Player	Ultra Compact. Up to 4GB built in flash memory. The microSD slot supports up to a 16GB microSDHC card for expanded storage options. Music and radio. Lithium-ion battery that runs up to 8 hours when fully charged. USB cable included. Earbuds not included.	http://104.236.187.180/magento/compact-mp3-player.html	http://104.236.187.180/magento/media/catalog/product/h/d/hde013_.jpg	original	new	out of stock	40,00 USD	Save space without sacrificing sound quality.
402	French Cuff Cotton Twill Oxford	Button front. Long sleeves. Tapered collar, chest pocket, french cuffs.	http://104.236.187.180/magento/french-cuff-cotton-twill-oxford-570.html	http://104.236.187.180/magento/media/catalog/product/m/s/msj000t_2.jpg	original	new	in stock	190,00 USD	Made with wrinkle resistant cotton twill, this French-cuffed luxury dress shirt is perfect for Business Class frequent flyers.
403	Slim fit Dobby Oxford Shirt	Tailored/Slim fit. Long sleeves. Button cuff. Cotton. Imported.	http://104.236.187.180/magento/slim-fit-dobby-oxford-shirt-572.html	http://104.236.187.180/magento/media/catalog/product/m/s/msj003t_2.jpg	original	new	in stock	140,00 USD	A bold hue and understated dobby detail bring refined nuance to this modern dress shirt. 
404	Plaid Cotton Shirt	Available in Sharp fit. Refined collar. Button cuff. Cotton. Machine wash. Made in US.	http://104.236.187.180/magento/plaid-cotton-shirt-574.html	http://104.236.187.180/magento/media/catalog/product/m/s/msj006t.jpg	original	new	in stock	160,00 USD	This everyday shirt is equally stylish with jeans or trousers.
405	Sullivan Sport Coat	Two button, single vented, notched lapels. Three buttons at cuff. Interior buttoned welt pockets. Full polyester lining. 100% wool. Dry clean.	http://104.236.187.180/magento/oxford-sport-coat-474.html	http://104.236.187.180/magento/media/catalog/product/m/s/msj009t.jpg	original	new	in stock	510,00 USD	This modern, slim-fit sport jacket is crafted from ultralight refined wool and tailored to a two-button silhouete. Corresponding trousers form a spring-season suit that you can wear whereever.
406	Linen Blazer	Single vented, notched lapels. Flap pockets. Tonal stitching. Fully lined. Linen. Dry clean.	http://104.236.187.180/magento/linen-blazer-580.html	http://104.236.187.180/magento/media/catalog/product/m/s/msj012t_2.jpg	original	new	in stock	455,00 USD	In airy lightweight linen, this blazer is classic tailoring with a warm weather twist.
407	Stretch Cotton Blazer	Two button, single vented, notched lapels. Slim cut through the shoulders chest and waist. Flap pockets, welt inside chest pockets. Cotton/lycra. Dry clean.	http://104.236.187.180/magento/stretch-cotton-blazer-582.html	http://104.236.187.180/magento/media/catalog/product/m/s/msj015t_1.jpg	original	new	in stock	490,00 USD	Sleek and modern, our form flattering blazer carries a slightly relaxed, yet structured shape. Timeless in any time zone.
408	Chelsea Tee	Ultrasoft, lightweight V-neck tee. 100% cotton. Machine wash.	http://104.236.187.180/magento/chelsea-tee-701.html	http://104.236.187.180/magento/media/catalog/product/m/t/mtk000t.jpg	original	new	in stock	75,00 USD	Minimalist style and maximum comfort meet in this lightweight tee.
409	Chelsea Tee	Ultrasoft, lightweight V-neck tee. 100% cotton. Machine wash.	http://104.236.187.180/magento/chelsea-tee-702.html	http://104.236.187.180/magento/media/catalog/product/m/t/mtk002t.jpg	original	new	in stock	75,00 USD	Minimalist style and maximum comfort meet in this lightweight tee.
410	Chelsea Tee	Ultrasoft, lightweight V-neck tee. 100% cotton. Machine wash.	http://104.236.187.180/magento/chelsea-tee-703.html	http://104.236.187.180/magento/media/catalog/product/m/t/mtk004t.jpg	original	new	in stock	75,00 USD	Minimalist style and maximum comfort meet in this lightweight tee.
411	Merino V-neck Pullover Sweater	Long sleeve, pull over style. V-neck. Relaxed fit through the chest. Ribbed neckline, cuff and hem. 100% Merino wool. Dry clean.	http://104.236.187.180/magento/merino-v-neck-pullover-sweater-556.html	http://104.236.187.180/magento/media/catalog/product/m/t/mtk006t.jpg	original	new	in stock	210,00 USD	A classy V-neck sweater crafted from smooth refined Merino wool. Essential for layering when changing climates.
412	Lexington Cardigan Sweater	V-neck cardigan. Mother of pearl front button closure. Two dart pockets. Ribbed cuff and hem. 100% cotton. Hand wash.	http://104.236.187.180/magento/lexington-cardigan-sweater-561.html	http://104.236.187.180/magento/media/catalog/product/m/t/mtk009t.jpg	original	new	in stock	240,00 USD	A lean, raglan sleeve cardigan with cosmopolitan appeal.
413	Core Striped Sport Shirt	Slim fit. Two chest pockets. Silver grommet detail. Grinding and nicking at hems. 100% cotton. 	http://104.236.187.180/magento/core-striped-sport-shirt-547.html	http://104.236.187.180/magento/media/catalog/product/m/t/mtk012t.jpg	original	new	in stock	125,00 USD	This grommet closure sports shirt is wrinkle free straight from the dryer. 
414	Bowery Chino Pants	Straight leg chino. Back pockets with button closure. 14" leg opening. Zip fly. 100% cotton.	http://104.236.187.180/magento/bowery-chino-pants-541.html	http://104.236.187.180/magento/media/catalog/product/m/p/mpd003t.jpg	original	new	in stock	140,00 USD	The slim and trim Bowery is a wear-to-work pant you'll actually want to wear. A clean style in our crisp, compact cotton twill, it's perfectly polished (but also comfortable enough for hanging out after hours).
415	The Essential Boot Cut Jean	Lightly faded cotton denim. Sits below waist. Slim through hip and thigh. 15" leg opening. Zip fly. Machine wash. 	http://104.236.187.180/magento/the-essential-boot-cut-jean-541.html	http://104.236.187.180/magento/media/catalog/product/m/p/mpd006t_2.jpg	original	new	in stock	140,00 USD	The new standard in denim, this jean is the rightful favorite among our designers. Made from lightly distressed denim to achieve that perfectly broken-in feel.
416	Flat Front  Trouser	Flat front trouser. Slim through the hip thigh and ankle. Zip fly. Lined. 100% wool. Dry clean.	http://104.236.187.180/magento/flat-front-trouser-542.html	http://104.236.187.180/magento/media/catalog/product/m/p/mpd012t.jpg	original	new	in stock	195,00 USD	Thanks to its timeless versatility, these flat front trousers are perfectly suited to wear wherever and still stand apart.
417	NoLIta Cami	Silk cami. Tie front detail, with hook and eye. Ruched neckline. Loose through the chest and bodice. 100% Silk. Dry clean.	http://104.236.187.180/magento/nolita-cami-588.html	http://104.236.187.180/magento/media/catalog/product/w/b/wbk000t.jpg	original	new	in stock	150,00 USD	Cut from tissue-weight silk crepe de chine, this airy style features a ruched neckline with tie and an unfinished hem for a contrastinly rugged feel. Compliment yours with skinny jeans.
418	Tori Tank	Ribbed scoop neck tank. 100% cotton.Machine wash.	http://104.236.187.180/magento/tori-tank-587.html	http://104.236.187.180/magento/media/catalog/product/w/b/wbk003t.jpg	original	new	in stock	60,00 USD	A simple ribbed cotton tank. Great for layering.
419	Delancy Cardigan Sweater	Oversized knitted silk blend cardigan. Front button closure. Ribbed hem. Silk/rayon. Dry clean.	http://104.236.187.180/magento/delancy-cardigan-sweater-589.html	http://104.236.187.180/magento/media/catalog/product/w/b/wbk006t_2.jpg	original	new	in stock	275,00 USD	Refresh your knitwear collection with our silk blend top. Layer over a bold hue for maximum contrast.
420	Ludlow Oxford Top	Oxford, fitted through the waist. V-neck, front button closure.100% cotton. Machine wash.	http://104.236.187.180/magento/ludlow-oxford-top-591.html	http://104.236.187.180/magento/media/catalog/product/w/b/wbk009t.jpg	original	new	in stock	185,00 USD	No matter where you are in the world, a crisp, clean oxford is always in style.
421	Elizabeth Knit Top	Loose fitting from the shoulders, open weave knit top. Semi sheer.  Slips on. Faux button closure detail on the back. Linen/Cotton. Machine wash.	http://104.236.187.180/magento/elizabeth-knit-top-593.html	http://104.236.187.180/magento/media/catalog/product/w/b/wbk012t.jpg	original	new	in stock	210,00 USD	The demure Elizabeth Knit features a semi sheer open weave and a forgiving silhouette. A nude camisole underneath keeps a stylish but conservative look.
422	Essex Pencil Skirt	Knee length skirt. Sits on natural waist. Fitted through the hip. Exposed waist belt loops. Hidden zip and hook and eye closure in back. Full lining. Wool/cotton/polyester. Machine wash.	http://104.236.187.180/magento/essex-pencil-skirt-527.html	http://104.236.187.180/magento/media/catalog/product/w/s/wsd000t.jpg	original	new	in stock	185,00 USD	A classic pencil skirt that feels refreshingly modern. Crafted from our lighweight refined wool, the Jane skirt is an essential piece for on-the-go professionals.
423	Racer Back Maxi Dress	Racer back maxi dress. Pull over style. Loose fitting. Straight skirt falls to floor. Viscose. 	http://104.236.187.180/magento/racer-back-maxi-dress-603.html	http://104.236.187.180/magento/media/catalog/product/w/s/wsd005t_2.jpg	original	new	in stock	224,00 USD	This classic maxi dress drapes beautifully throughout body and sweeps in a light A-line to the floor. Keep a casual chic look by pairing with a jean jacket or go glam with a statement necklace.
424	Ludlow Sheath Dress	Sleeveless, jewel neckline with deep Vee in back. Fitted through waist and hip. 100% polyester lining. Cotton/wool. Dry clean.	http://104.236.187.180/magento/ludlow-sheath-dress.html	http://104.236.187.180/magento/media/catalog/product/w/s/wsd008t_2.jpg	original	new	in stock	305,00 USD	Our feminine wool-blend frock transitions seamlessly from day to night. We suggest wearing with classic heels and a standout strand necklace.
425	Lafayette Convertible Dress	Two sash, convertible neckline with front ruffle detail. Unhemmed, visisble seams. Hidden side zipper. Unlined. Wool/elastane. Hand wash.	http://104.236.187.180/magento/lafayette-convertible-dress.html	http://104.236.187.180/magento/media/catalog/product/w/s/wsd013t.jpg	original	new	in stock	340,00 USD	This all day dress has a flattering silhouette and a convertible neckline to suit your mood. Wear tied and tucked in a sailor knot, or reverse it for a high tied feminine bow.
426	TriBeCa Skinny Jean	Ultra slim-fit, stretch denim. Mid rise. 5 pockets, tonal stitching,. Cotton. Machine wash.	http://104.236.187.180/magento/tribeca-skinny-jean.html	http://104.236.187.180/magento/media/catalog/product/w/p/wpd000t.jpg	original	new	in stock	185,00 USD	The perfect jean for travel. Extra strech for a comfortable and flattering fit. Pair with a loose fit top and nude pumps for a modern silhouette.
427	DUMBO Boyfriend Jean	Straight leg boyfriend-fit. Distressed denim. 5 pockets. Contrast stitch detailing. Large to size, choose size down. Machine wash.	http://104.236.187.180/magento/dumbo-boyfriend-jean.html	http://104.236.187.180/magento/media/catalog/product/w/p/wpd005t.jpg	original	new	in stock	210,00 USD	Our straight leg jeans combine the comfort of a boyfriend-fit with the clean look of tailoring. Wear yours cuffed with a collar blouse and feminine flats to look fresh even after a long flight
428	Park Avenue Pleat Front Trousers	Wide leg pant, front pleat detail. Sits on natural waist. Wool, unlined. Dry clean.	http://104.236.187.180/magento/park-avenue-pleat-front-trousers-663.html	http://104.236.187.180/magento/media/catalog/product/w/p/wpd010t.jpg	original	new	in stock	245,00 USD	Break away from the trend with these elegant pleat front pants. The high waistline and wide leg creates a feminine sihouette that's flattering on any figure. Pair with d'Orsay pumps and a waist belt.
430	Barclay d'Orsay pump, Nude	Leather. 3.5" heel. Peep toe and ankle strap. Leather insole and lining.	http://104.236.187.180/magento/barclay-d-orsay-pump-nude.html	http://104.236.187.180/magento/media/catalog/product/a/w/aws000a_2.jpg	original	new	in stock	390,00 USD	Step forward with a fresh and neutral hued finish.
431	Ann Ankle Boot	Leather. Inside zipper. 3-button outside detail. 4.5" heel, 1" platform, 3.5" equiv. Leather insole and lining. Red sole. Made in Italy.	http://104.236.187.180/magento/borgha-ankle-boot-546.html	http://104.236.187.180/magento/media/catalog/product/a/w/aws005a_2.jpg	original	new	in stock	470,00 USD	A stylish companion to your LBD or skinny jeans.
432	Hana Flat, Charcoal	Suede. Square toe. 1/4" flat heel. Padded leather insole and lining. Rubber outsole provides traction.	http://104.236.187.180/magento/hana-flat-charcoal-547.html	http://104.236.187.180/magento/media/catalog/product/a/w/aws010.jpg	original	new	in stock	210,00 USD	The slip on style is ideal for everyday use.
433	Dorian Perforated Oxford	Polished leather upper. Perforated detail on toe. Oxford lace-up front. Leather lining and footbed. 1" rubber heel. Imported.	http://104.236.187.180/magento/dorian-preforated-oxford-548.html	http://104.236.187.180/magento/media/catalog/product/a/m/ams000a_2.jpg	original	new	in stock	410,00 USD	Crafted from premium polished leather, unrivaled in design.
434	Wingtip Cognac Oxford	Wingtip medallion toe oxford with contrast waxed cotton laces.  Leather upper and lining. Leather sole. Made in Italy.	http://104.236.187.180/magento/wingtip-cognac-oxford-549.html	http://104.236.187.180/magento/media/catalog/product/a/m/ams005a_2.jpg	original	new	in stock	375,00 USD	Classic cognac wingtip with a modern silhouette--it only gets better with wear.
435	Suede Loafer, Navy	Suede loafer. Contrast stitching. Leather lined. Imported.	http://104.236.187.180/magento/suede-loafer-navy-550.html	http://104.236.187.180/magento/media/catalog/product/a/m/ams010a_2.jpg	original	new	in stock	310,00 USD	Make a statement, even when relaxed and casual. The classic loafer design elevates even the most dressed down look.
436	Classic Hardshell Suitcase	Water resistant hard polycarbonate shell. All direction spinner wheels. Zip closure. Locking, retractable metal handle. Cross strap and self repairing zipper interior. Padded side handle for lateral carry. 21" x 17" x 10".	http://104.236.187.180/magento/classic-hardshell-suitcase-583.html	http://104.236.187.180/magento/media/catalog/product/a/b/abl0006a_1.jpg	original	new	in stock	600,00 USD	Some like it classic. This luggage provides ample room for multiday trips.
437	Modern Murray Ceramic Vase	Ceramic. 5.5" diameter, 12" high. 	http://104.236.187.180/magento/modern-murray-ceramic-vase-480.html	http://104.236.187.180/magento/media/catalog/product/h/d/hdd001_2.jpg	original	new	in stock	135,00 USD	Modern, edgy, distinct. Choose from two colors.
439	Luggage Set	Water resistant hard polycarbonate shell. All direction spinner wheels. Zip closure. Locking, retractable metal handle. Cross strap and self repairing zipper interior. Padded side handle for lateral carry. 21" x 17" x 10" and/or 29" x 20" x 13".	http://104.236.187.180/magento/luggage-set.html	http://104.236.187.180/magento/media/catalog/product/a/b/abl0008.jpg	original	new	in stock	0,00 USD	Heavy duty, hard shell Luggage
440	Vase Set	Ceramic. 5.5" diameter, 12" high. Domestic.	http://104.236.187.180/magento/vase-set.html	http://104.236.187.180/magento/media/catalog/product/h/d/hdd003.jpg	original	new	in stock	0,00 USD	Murray modern vase set
441	3-Year Warranty	3-Year coverage from date of purchase on hardware failures. Fixed or receive full replacement cost in 5 days or less - guaranteed. Free 2-way shipping for repairs. 100% parts and labor covered with no deductables. Fully transferable with gifts. Cancel anytime for a full refund within the first 30 days.	http://104.236.187.180/magento/3-year-warranty.html	http://104.236.187.180/magento/media/catalog/product/h/d/hde007_3.jpg	original	new	in stock	75,00 USD	Madison Island 3-Year Camera Warrenty
442	5-Year Warranty	5-Year coverage from date of purchase on hardware failures. Fixed or receive full replacement cost in 5 days or less - guaranteed. Free 2-way shipping for repairs. 100% parts and labor covered with no deductables. Fully transferable with gifts. Cancel anytime for a full refund within the first 30 days.	http://104.236.187.180/magento/5-year-warranty.html	http://104.236.187.180/magento/media/catalog/product/h/d/hde007_2.jpg	original	new	in stock	100,00 USD	Madison Island 5-Year Camera Warrenty
445	Camera Travel Set	Includes our Camera Case, and your choice between our Digital Camera or our DSLR, 16GB or 8GB memory card, and 3-year or 5-year warranty.	http://104.236.187.180/magento/camera-travel-set.html	http://104.236.187.180/magento/media/catalog/product/h/d/hde001t_1.jpg	original	new	in stock	0,00 USD	Conveniently pick up your Camera, Memory, Warranty and Camera Case all at once.
446	MP3 Player with Audio	Includes a choice between our Compact MP3 player or our Digital Media Player and Earbuds or Headphones.	http://104.236.187.180/magento/mp3-player-with-audio.html	http://104.236.187.180/magento/media/catalog/product/h/d/hde012_2.jpg	original	new	in stock	0,00 USD	Pick up your Media Player and Audio Output together.
447	Pillow and Throw Set	Includes a choice between Titian Raw Silk Pillow or Shay Printed Pillow and our Carnegia Alpaca Throw or Park Row Throw or Gramercy Throw.	http://104.236.187.180/magento/pillow-and-throw-set.html	http://104.236.187.180/magento/media/catalog/product/h/d/hdb010.jpg	original	new	in stock	0,00 USD	A conveniently packaged pairing of our pillows and throws.
448	A Tale of Two Cities	Novel by Charles Dickens, published both serially and in book form in 1859. The story is set in the late 18th century against the background of the French Revolution.While political events drive the story, Dickens takes a decidedly antipolitical tone, lambasting both aristocratic tyranny and revolutionary excess--the latter memorably caricatured in Madame Defarge, who knits beside the guillotine. The book is perhaps best known for its opening lines, "It was the best of times, it was the worst of times," and for Carton's last speech, in which he says of his replacing Darnay in a prison cell, "It is a far, far better thing that I do, than I have ever done; it is a far, far better rest that I go to, than I have ever known."	http://104.236.187.180/magento/a-tale-of-two-cities.html	http://104.236.187.180/magento/media/catalog/product/t/a/tale_two_cities_1_1.jpg	original	new	in stock	10,00 USD	Against the backdrop of the French Revolution, Charles Dickens unfolds a masterpiece of drama, adventure, and courage.
450	Alice in Wonderland	After a tumble down the rabbit hole, Alice finds herself far away from home in the absurd world of Wonderland. As mind-bending as it is delightful, Lewis Carrollâ€™s 1865 novel is pure magic for young and old alike. 96pp. Downloadable as pdf.	http://104.236.187.180/magento/alice-in-wonderland.html	http://104.236.187.180/magento/media/catalog/product/a/l/alice_wonderland.jpeg	original	new	in stock	5,00 USD	Adventures of a young girl in a fantasy world.
456	Khaki Bowery Chino Pants	Straight leg chino. Back pockets with button closure. 14" leg opening. Zip fly. 100% cotton.	http://104.236.187.180/magento/khaki-bowery-chino-pants.html	http://104.236.187.180/magento/media/catalog/product/m/p/mpd000t.jpg	original	new	in stock	140,00 USD	The slim and trim Bowery is a wear-to-work pant you'll actually want to wear. A clean style in our crisp, compact cotton twill, it's perfectly polished (but also comfortable enough for hanging out after hours).
546	Pearl Strand Necklace	AA& quality 6.0-6.5mm pearls. Double knotted on silk thread. 24" strand. 14K gold hook-and-eye clasp. Made in Indonesia.	http://104.236.187.180/magento/pearl-strand-necklace.html	http://104.236.187.180/magento/media/catalog/product/a/c/acj001_1_2.jpg	original	new	in stock	250,00 USD	For a discreet display of pure elegance. Layer multi strands or compliment with pearl or diamond studs. 18" or 24"
549	Blue Horizons Bracelets	Set of 3. Glass beads on metal band. 2.75" diameter. Made in India.	http://104.236.187.180/magento/blue-horizons-bracelets.html	http://104.236.187.180/magento/media/catalog/product/a/c/acj006_2.jpg	original	new	in stock	55,00 USD	Add a pop of color with these handmade bangles from India.
551	Pearl Stud Earrings	AA& quality 6.5mm pearl. 14K gold post. Made in Indonesia.	http://104.236.187.180/magento/pearl-stud-earrings.html	http://104.236.187.180/magento/media/catalog/product/a/c/acj003_2.jpg	original	new	in stock	110,00 USD	Prim and demure, pearl studs are a cross cultural symbol of style and refinement.
552	Swing Time Earrings	Carved horn. Sterling silver hook. 2.25". Made in Haiti.	http://104.236.187.180/magento/swing-time-earrings.html	http://104.236.187.180/magento/media/catalog/product/a/c/acj004_2.jpg	original	new	in stock	75,00 USD	Artisans from nonprofit Comite Artisanal Haitien in Port-au-Prince fashion these tasteful earrings from shaped horn. Each pair possesses its own unique natural beauty.
553	Silver Desert Necklace	Traditional Tuareg design on hand-hammered and chiseled silver. The Tuareg of Saharan Africa are known for their decorative jewelry craft. 16". Silver, stone beads. Made in Niger.	http://104.236.187.180/magento/silver-desert-necklace.html	http://104.236.187.180/magento/media/catalog/product/a/c/acj000_2.jpg	original	new	in stock	210,00 USD	Wear your passport by adding an edgy and artistic statement necklace. Ethnic design on hand-hammered and chiseled silver.
554	Swiss Movement Sports Watch	Swiss quartz movement. Date function. 3-hands. Notch markers. Round, stainless steel case (42 mm x 15 x 13) and link strap (19mm x 8.25"); Traditional clasp. Pull-out crown. Water resistant 125 feet.	http://104.236.187.180/magento/swiss-movement-sports-watch.html	http://104.236.187.180/magento/media/catalog/product/a/c/acj005_2.jpg	original	new	in stock	500,00 USD	A traditional timepiece with edgy detailing.
555	Pearl Necklace Set	AA& quality 6.0-6.5mm pearls. Double knotted on silk thread. 24" strand. 14K gold hook-and-eye clasp. Made in Indonesia.	http://104.236.187.180/magento/pearl-necklace-set-test.html	http://104.236.187.180/magento/media/catalog/product/a/c/acj007_1_2.jpg	original	new	in stock	0,00 USD	Fresh Water Pearl Necklaces
557	Around the World in 80 Days	For a bet, Phileas Fogg sets out with his servant Passeportout to achieve an incredible journey - from London to Paris, Brindisi, Suez, Bombay, Calcutta, Singapore, Hong Kong, San Francisco, New York and back to London again, all in just eighty days. There are many alarms and surprises along the way - and a last minute setback that makes all the difference between winning and losing.	http://104.236.187.180/magento/around-the-world-in-80-days.html	http://104.236.187.180/magento/media/catalog/product/8/0/80_days.jpg	original	new	in stock	5,00 USD	A classic adventure novel in which a Londoner and his French valet take a bet to circumnavigate the world in 80 days.
558	Falling by I Am Not Lefthanded	Falling by  I Am Not Lefthanded. Album: Yes Means No. Running time 3:16. Downloadable as mp3.	http://104.236.187.180/magento/falling-by-i-am-not-lefthanded.html	http://104.236.187.180/magento/media/catalog/product/l/e/lefthanded.png	original	new	in stock	2,00 USD	Single off the album Yes Means No.
559	If You Were by Keshco	If You Were by Keshco. Album: Trolley Crash. Duration: 3:31. Downloadable as mp3.	http://104.236.187.180/magento/if-you-were-by-keshco.html	http://104.236.187.180/magento/media/catalog/product/k/e/keshco.jpg	original	new	in stock	2,00 USD	Tunes for the trip.
560	Can't Stop It by Shearer	Can't Stop It by Shearer. Album: Eve. Duration: 2:49. Downloadable as mp3.	http://104.236.187.180/magento/can-t-stop-it-by-shearer.html	http://104.236.187.180/magento/media/catalog/product/s/h/shearer_2.jpg	original	new	in stock	2,00 USD	Tunes for the trip.
561	Love is an Eternal Lie by The Sleeping Tree	Love is an Eternal Lie by The Sleeping Tree. Album: Music to Accompany the World Traveller. Duration: 3:11. Downloadable as mp3.	http://104.236.187.180/magento/love-is-an-eternal-lie-by-the-sleeping-tree.html	http://104.236.187.180/magento/media/catalog/product/s/l/sleepingtree_1.jpg	original	new	in stock	2,00 USD	Music to Accompany the World Traveller.
563	Fire [Kalima remix] by Unannounced Guest	Fire [Kalima remix] by Unannounced Guest. Duration: 2:48. Downloadable as mp3.	http://104.236.187.180/magento/fire-kalima-remix-by-unannounced-guest.html	http://104.236.187.180/magento/media/catalog/product/u/n/unannouncedguest.jpg	original	new	in stock	2,00 USD	Tunes for the trip.
564	Madison Island VIP Membership - 1 Year	Membership is valid for ONE YEAR from the date of purchase. Members are allowed unlimited purchases with VIP pricing, however purchases are not for resale. Madison Island may, in its sole discretion, choose not to process or to cancel your order in certain circumstances. This may occur, for example, when the product you wish to purchase is out of stock, mispriced, or if we suspect the request is fraudulent.	http://104.236.187.180/magento/madison-island-vip-membership-1-year.html	http://104.236.187.180/magento/media/catalog/product/v/i/vip_membership.jpg	original	new	in stock	350,00 USD	Gain insider access to the best styles for fashion and home at up to 40% off. Join and discover some fabulous finds. Membership will be reviewed and approved by a Sales Associate.
808	Thomas Overcoat	Double breasted overcoat with front button front closure and belt.Two side slit pockets and vented back. Two interior patch pockets. Available in Black. Imported. Poly/cotton/polyurethane. Dry clean.	http://104.236.187.180/magento/thomas-overcoat-813.html	http://104.236.187.180/magento/media/catalog/product/p/m/pmo000a_8.jpg	original	new	in stock	590,00 USD	Sharply tailored and perfect for spring season.
809	Draper Suit Coat	Two-button closure. Notch lapels. Front welt pockets and chest pocket. Single vent. Fully lined with interior pockets. Available in Black. Made in Italy. Wool. Dry clean.	http://104.236.187.180/magento/draper-suit-coat-814.html	http://104.236.187.180/magento/media/catalog/product/p/m/pmo001a_4.jpg	original	new	in stock	510,00 USD	A smart suit coat made from refined wool and shaped with a classic sihouette.
810	Lincoln Blazer	Two-button closure. Notch lapels. Front welt pockets and chest pocket. Double vent. Fully lined with interior pockets. Available in pinstripe. Made in Italy. Wool. Dry clean.	http://104.236.187.180/magento/lincoln-blazer-815.html	http://104.236.187.180/magento/media/catalog/product/p/m/pmo002a_4.jpg	original	new	in stock	455,00 USD	A classic business style finished in subtle pinstripe.
811	Bushwick Skinny Jean	Cotton skinny leg jean with five pockets. 9.5" rise. 34.5" inseam. 13" leg opening. Imported. Available in Black and Olive. Cotton/elastane. Machine wash.	http://104.236.187.180/magento/bushwick-skinny-jean-818.html	http://104.236.187.180/magento/media/catalog/product/p/m/pmp000a_4.jpg	original	new	in stock	195,00 USD	An ultra slim jean made from stretch denim to achieve a comfortable Eurpoean street style.
812	Draper Pant	Classic-fit dress trousers. Quarter top pockets, back welt pockets and button fly. 10" rise. 36" inseam. 16" leg opening. Available in Black. Wool. Dry clean.	http://104.236.187.180/magento/draper-pant-819.html	http://104.236.187.180/magento/media/catalog/product/p/m/pmp001a_4.jpg	original	new	in stock	295,00 USD	A wardrobe staple and the perfect companion to the Draper Suit Coat.
813	Olive Bushwick Skinny Jean	Cotton skinny leg jean with five pockets. 9.5" rise. 34.5" inseam. 13" leg opening. Imported. Available in Black and Olive. Cotton/elastane. Machine wash.	http://104.236.187.180/magento/olive-bushwick-skinny-jean-820.html	http://104.236.187.180/magento/media/catalog/product/p/m/pmp002a_6.jpg	original	new	in stock	195,00 USD	An ultra slim jean made from stretch denim to achieve a comfortable Eurpoean street style.
814	Avery Oxford Shirt	Button-front with spread collar. Imported. Available in Blue. Cotton. Machine wash.	http://104.236.187.180/magento/avery-oxford-shirt-819.html	http://104.236.187.180/magento/media/catalog/product/p/m/pms000a_4.jpg	original	new	in stock	210,00 USD	Premium cottion and classically informed tailoring.
815	Slim-fit Dobby Oxford Shirt	Button-front. Imported. Available in Blue.Cotton.  Machine wash.	http://104.236.187.180/magento/slim-fit-dobby-oxford-shirt-820.html	http://104.236.187.180/magento/media/catalog/product/p/m/pms002a_4.jpg	original	new	in stock	175,00 USD	A bold hue and understated dobby detail bring refined nuance to this modern dress shirt. 
816	Carroll Check Dress Shirt	Button-front. Imported. Available in checkered Blue. Cotton. Machine wash.	http://104.236.187.180/magento/carroll-check-dress-shirt-821.html	http://104.236.187.180/magento/media/catalog/product/p/m/pms003a_4.jpg	original	new	in stock	160,00 USD	Check print on a refined cotton dress shirt.
817	Clark Dress Shirt	Button-front. Imported. Available in Blue. Cotton. Machine wash.	http://104.236.187.180/magento/clark-dress-shirt-822.html	http://104.236.187.180/magento/media/catalog/product/p/m/pms004a_4.jpg	original	new	in stock	210,00 USD	A must-have item for the well-dressed man.
818	French Cuff Cotton Twill Oxford	French cuff button-front shirt with tapered collar. Imported. Available in Blue and White. Cotton twill. Machine wash.	http://104.236.187.180/magento/french-cuff-cotton-twill-oxford-823.html	http://104.236.187.180/magento/media/catalog/product/p/m/pms005a_4.jpg	original	new	in stock	190,00 USD	Made with wrinkle resistant cotton twill, this French-cuffed luxury dress shirt is perfect for Business Class frequent flyers.
819	Merino V-neck Pullover Sweater	Long sleeve, pull over style. V-neck. Relaxed fit through the chest. Ribbed neckline, cuff and hem. Available in Grey and Charcoal. 100% Merino wool. Dry clean.	http://104.236.187.180/magento/merino-v-neck-pullover-sweater-832.html	http://104.236.187.180/magento/media/catalog/product/p/m/pmtk000a_6.jpg	original	new	in stock	210,00 USD	A classy V-neck sweater crafted from smooth refined Merino wool. Essential for layering when changing climates.
820	Oatmeal Henley Tee	Ultrasoft, lightweight V-neck tee. Available in Oatmeal and Grey. 100% cotton. Machine wash.	http://104.236.187.180/magento/oatmeal-henley-tee-825.html	http://104.236.187.180/magento/media/catalog/product/p/m/pmtk004a_4.jpg	original	new	in stock	125,00 USD	Minimalist style and maximum comfort in a lightweight cotton henley.
821	Henley Tee	Ultrasoft, lightweight V-neck tee. Available in Oatmeal and Grey. 100% cotton. Machine wash.	http://104.236.187.180/magento/henley-tee-826.html	http://104.236.187.180/magento/media/catalog/product/p/m/pmtk005t_4.jpg	original	new	in stock	125,00 USD	Minimalist style and maximum comfort in a lightweight cotton henley.
822	Merino V-neck Pullover Sweater	Long sleeve, pull over style. V-neck. Relaxed fit through the chest. Ribbed neckline, cuff and hem. Available in Grey and Charcoal. 100% Merino wool. Dry clean.	http://104.236.187.180/magento/merino-v-neck-pullover-sweater-833.html	http://104.236.187.180/magento/media/catalog/product/p/m/pmtk006a_4.jpg	original	new	in stock	210,00 USD	A classy V-neck sweater crafted from smooth refined Merino wool. Essential for layering when changing climates.
823	TriBeCa Skinny Jean	Ultra slim-fit, stretch denim. Mid rise. 5 pockets, tonal stitching. Cotton. Machine wash.	http://104.236.187.180/magento/tribeca-skinny-jean-830.html	http://104.236.187.180/magento/media/catalog/product/p/w/pwb000a_5.jpg	original	new	in stock	185,00 USD	The perfect jean for packing. Extra strech for a comfortable and flattering fit. Pair with a loose fit top and nude pumps for a modern, travel friendly outfit.
824	Villa Bermuda Shorts	Bermuda shorts with side slit pockets and back pockets. Unlined. Available in Charcoal. Cotton/Polyester. Hand Wash, Dry Clean for best results.	http://104.236.187.180/magento/villa-bermuda-shorts-831.html	http://104.236.187.180/magento/media/catalog/product/p/w/pwb001a_6.jpg	original	new	in stock	150,00 USD	Complete ease of movement for anything from beachcombing to city touring.
825	Cornelia Skirt	Cotton canvas a-line skirt with front button detail. 20" length. Available in Grey. Imported. Cotton. Machine Wash, Dry clean for best results.	http://104.236.187.180/magento/cornelia-skirt-832.html	http://104.236.187.180/magento/media/catalog/product/p/w/pwb003a_4.jpg	original	new	in stock	225,00 USD	Durable yet stylish for around the world adventures.
826	Grand Slim Straight Jean	Slim straight denim. Mid rise. 5 pockets, contrast stitching. Available in Indigo. Cotton. Machine wash.	http://104.236.187.180/magento/grand-slim-straight-jean-833.html	http://104.236.187.180/magento/media/catalog/product/p/w/pwb005a.jpg	original	new	in stock	225,00 USD	A classic in denim, our over-dyed straight-cut jean easily dresses up or down.
827	Hester Ankle Pant	Crepe flat front straight leg trouser. Cropped ankle length. Side slit pockets and single rear welt pocket. Available in Ivory. Acetate/viscose. Dry clean.	http://104.236.187.180/magento/hester-ankle-pant-834.html	http://104.236.187.180/magento/media/catalog/product/p/w/pwb006a_4.jpg	original	new	in stock	260,00 USD	Hester Pants are a sophisticated way to work the ankle length trend this season.
828	Angela Wrap Dress	Wrap dress with deep Vee. Knee length. Available in Blue. Cotton/Cashmere. Hand wash, dry clean for best results.	http://104.236.187.180/magento/angela-wrap-dress-835.html	http://104.236.187.180/magento/media/catalog/product/p/w/pwd000a_4.jpg	original	new	in stock	395,00 USD	Cashmere and cotton marry in our figure forgiving day dress.
829	Jane Dress	Leather sheath dress with jersey panels. Sleeveless. Lined. Available in Black. Cotton/Leather. Dry clean.	http://104.236.187.180/magento/jane-dress-836.html	http://104.236.187.180/magento/media/catalog/product/p/w/pwd001a_6.jpg	original	new	in stock	510,00 USD	Leather panels add a tuff touch to a classic LBD.
830	Jacqueline Medallion Dress	Sheath dress with gold medallion detail and slightly flaired skirt. Knee length. Fully lined. Available in Ivory. Polyester. Dry clean.	http://104.236.187.180/magento/jacqueline-medallion-dress-837.html	http://104.236.187.180/magento/media/catalog/product/p/w/pwd002a_4.jpg	original	new	in stock	425,00 USD	A demure selection for any occasion.
831	Ludlow Seersucker Top	Oxford, fitted through the waist. V-neck, front button closure. Available in White and Seersucker. 100% cotton. Machine wash.	http://104.236.187.180/magento/ludlow-seersucker-top-836.html	http://104.236.187.180/magento/media/catalog/product/p/w/pwt000a_4.jpg	original	new	in stock	185,00 USD	No matter where you are in the world, a crisp, clean oxford is always in style.
832	Gans Trench Coat	Trench coat with front button front closure and belt.Two side slit pockets and vented back. Two interior patch pockets. Lined. Imported. Available in Royal Blue. Polyester. Dry clean.	http://104.236.187.180/magento/gans-trench-coat-837.html	http://104.236.187.180/magento/media/catalog/product/p/w/pwt001a_4.jpg	original	new	in stock	550,00 USD	Sharply tailored and perfect for spring season.
833	Sheri Collar Shirt	Ultralightweight cotton collar shirt. Fitted through the waist. Front button closure. Ribbed side panels. Available in Grey and Charcoal. 100% cotton. Machine wash.	http://104.236.187.180/magento/sheri-collar-shirt-838.html	http://104.236.187.180/magento/media/catalog/product/p/w/pwt002t_4.jpg	original	new	in stock	140,00 USD	A relaxed and wrinkle resistant shirt, perfect for packing and travel. 
834	Charcoal Sheri Collar Shirt	Ultralightweight cotton collar shirt. Fitted through the waist. Front button closure. Ribbed side panels. Available in Grey and Charcoal. 100% cotton. Machine wash.	http://104.236.187.180/magento/charcoal-sheri-collar-shirt-839.html	http://104.236.187.180/magento/media/catalog/product/p/w/pwt003a_4.jpg	original	new	in stock	140,00 USD	A relaxed and wrinkle resistant travel shirt. 
835	Milli Cardigan	Crew cardigan. Mother of pearl front button closure. Ribbed cuff and hem. 100% cotton. Hand wash.	http://104.236.187.180/magento/milli-cardigan-840.html	http://104.236.187.180/magento/media/catalog/product/p/w/pwt004a_4.jpg	original	new	in stock	240,00 USD	Polished femininity in this cover-up of choice.
836	Stretch Cotton Camisole	Scoop neck camisole. Hidden shelf bra. Available in Royal Blue. Cotton/elastane. Machine wash.	http://104.236.187.180/magento/stretch-cotton-camisole-841.html	http://104.236.187.180/magento/media/catalog/product/p/w/pwt005a_4.jpg	original	new	in stock	60,00 USD	A simple stretch cotton camisole with hidden shelf bra. Great for layering.
837	Noa Sheer Blouse	Semi sheer, sleeveless collar shirt. Back pleat. Front button closure. Available in Black. Polyester. Machine wash.	http://104.236.187.180/magento/noa-sheer-blouse-842.html	http://104.236.187.180/magento/media/catalog/product/p/w/pwt006t_4.jpg	original	new	in stock	175,00 USD	A play on professional wear, our modern Noa Blouse has a semi sheer appearance.
838	Brooklyn Jean Jacket	Stretch denim jacket with contrast stitching. Two front flap pockets with button closure. 20" length from back of collar. Available in Indigo. Machine wash.	http://104.236.187.180/magento/brooklyn-jean-jacket-843.html	http://104.236.187.180/magento/media/catalog/product/p/w/pwt007a_4.jpg	original	new	in stock	320,00 USD	Our timeless mid blue jean jacket enhances the laidback look of this season's sundresses. 
864	Mercer Loafer	Polished leather upper. Slip on style with padded top edge for comfort. Leather lining and footbed. 1" rubber heel. Imported.	http://104.236.187.180/magento/mercer-loafer-869.html	http://104.236.187.180/magento/media/catalog/product/s/h/shm000a_5.jpg	original	new	in stock	310,00 USD	Sophisticated meets practical with our rubber-soled leather loafer.
865	Broad St Saddle Shoes	Suede upper. Contrast wheeling, sole and laces. Stacked 1" heel. Imported.	http://104.236.187.180/magento/broad-st-saddle-shoes-870.html	http://104.236.187.180/magento/media/catalog/product/s/h/shm001a_5.jpg	original	new	in stock	390,00 USD	A stylish saddle shoe in supple suede.
866	Empire Oxford	Polished leather upper. Cap toe. Oxford lace up front. Imported.	http://104.236.187.180/magento/empire-oxford-871.html	http://104.236.187.180/magento/media/catalog/product/s/h/shm002a_5.jpg	original	new	in stock	410,00 USD	Our classic captoe dress shoe in smooth calfskin.
867	Lenox Boot	Polished leather upper. Tonal stitching. Faux Oxford lace up front. Inside zip. Rubber 1" heel. Domestic.	http://104.236.187.180/magento/lenox-boot-872.html	http://104.236.187.180/magento/media/catalog/product/s/h/shm003a.jpg	original	new	in stock	550,00 USD	Blending classic Euro style with uptown elegance.
868	Studio Dress Shoe	Color wash leather upper. Oxford lace up front. Contemporary square toe. Contrast laces. 1" heel. Imported.	http://104.236.187.180/magento/studio-dress-shoe-874.html	http://104.236.187.180/magento/media/catalog/product/s/h/shm004a_5.jpg	original	new	in stock	410,00 USD	A contemporary lace up with intentional color wash effect.
869	Yuca Sneaker	Perforated leather upper. Faded color wash effect.  Padded insole for comfort, manmade. Rubber sole. Domestic. 	http://104.236.187.180/magento/yuca-sneaker.html	http://104.236.187.180/magento/media/catalog/product/s/h/shm005a_7.jpg	original	new	in stock	350,00 USD	Cool. Casual. Retro urban.
870	Hudson Snakeskin Pump	Snakeskin leather. Tonal bow detail on toe. 3.5" heel and 0.5" platform, 3" equiv. Leather insole and lining. Made in Italy.	http://104.236.187.180/magento/hudson-snakeskin-pump-875.html	http://104.236.187.180/magento/media/catalog/product/s/h/shw000a_5.jpg	original	new	in stock	375,00 USD	Snakeskin leather brings a charming effect to the classic pump.
871	Prima Pump	Polished leather. Tonal bow and seam details on toe. 3.5" heel. Leather insole and lining. Imported.	http://104.236.187.180/magento/prima-pump-876.html	http://104.236.187.180/magento/media/catalog/product/s/h/shw001a_5.jpg	original	new	in stock	375,00 USD	Proper elegance with a modern approach. 
872	Plaza Platform	Two strap leather with perforation and rhinestone details. Contrast leather lining. Gold and brown dyed espadrille and leather wedge 4.5" heel, 1.5" platform, 3" equiv. Domestic.	http://104.236.187.180/magento/plaza-platform-877.html	http://104.236.187.180/magento/media/catalog/product/s/h/shw002a_5.jpg	original	new	in stock	320,00 USD	With a 1" platform, our towering sandal wedges make walking in heels just a little easier.
873	Annie Pump	Snakeskin leather. Cut out vamp detail. Contrast leather lining. 2.5" heel. Made in Italy.	http://104.236.187.180/magento/annie-pump-878.html	http://104.236.187.180/magento/media/catalog/product/s/h/shw003a_5.jpg	original	new	in stock	390,00 USD	Add a spicy punch to new season looks.
874	Broadway Pump	Dyed mohair upper. 3.5" heel. Leather insole and lining. Imported.	http://104.236.187.180/magento/broadway-pump.html	http://104.236.187.180/magento/media/catalog/product/s/h/shw004a_5.jpg	original	new	in stock	410,00 USD	Be after-dark chic with our contemporary mohair creation. The attention grabbing pair fits well with the season's trend of neutral hues.
875	Ellis Flat	Suede upper. Rubber 0.5" heel. Domestic.	http://104.236.187.180/magento/ellis-flat.html	http://104.236.187.180/magento/media/catalog/product/s/h/shw005a_5.jpg	original	new	in stock	250,00 USD	A pop of green is a fantastic to lift your favorite outfit. Wear with everything from skinny jeans to day dresses.
